module	version	license	license_file	source
github.com/Masterminds/semver/v3	v3.4.0	MIT	third_party/licenses/github.com/Masterminds/semver/v3/LICENSE.txt	https://github.com/Masterminds/semver/blob/v3.4.0/LICENSE.txt
github.com/beevik/etree	v1.6.0	BSD-2-Clause	third_party/licenses/github.com/beevik/etree/LICENSE	https://github.com/beevik/etree/blob/v1.6.0/LICENSE
github.com/davecgh/go-spew	v1.1.2-0.20180830191138-d8f796af33cc	ISC	third_party/licenses/github.com/davecgh/go-spew/spew/LICENSE	https://github.com/davecgh/go-spew/blob/d8f796af33cc/LICENSE
github.com/dustin/go-humanize	v1.0.1	MIT	third_party/licenses/github.com/dustin/go-humanize/LICENSE	https://github.com/dustin/go-humanize/blob/v1.0.1/LICENSE
github.com/dyatlov/go-opengraph/opengraph	v0.0.0-20220524092352-606d7b1e5f8a	MIT	third_party/licenses/github.com/dyatlov/go-opengraph/opengraph/LICENSE	https://github.com/dyatlov/go-opengraph/blob/606d7b1e5f8a/opengraph/LICENSE
github.com/fatih/color	v1.19.0	MIT	third_party/licenses/github.com/fatih/color/LICENSE.md	https://github.com/fatih/color/blob/v1.19.0/LICENSE.md
github.com/francoispqt/gojay	v1.2.13	MIT	third_party/licenses/github.com/francoispqt/gojay/LICENSE	https://github.com/francoispqt/gojay/blob/v1.2.13/LICENSE
github.com/go-asn1-ber/asn1-ber	v1.5.7	MIT	third_party/licenses/github.com/go-asn1-ber/asn1-ber/LICENSE	https://github.com/go-asn1-ber/asn1-ber/blob/v1.5.7/LICENSE
github.com/goccy/go-yaml	v1.19.2	MIT	third_party/licenses/github.com/goccy/go-yaml/LICENSE	https://github.com/goccy/go-yaml/blob/v1.19.2/LICENSE
github.com/golang/protobuf	v1.5.4	BSD-3-Clause	third_party/licenses/github.com/golang/protobuf/ptypes/empty/LICENSE	https://github.com/golang/protobuf/blob/v1.5.4/LICENSE
github.com/google/uuid	v1.6.0	BSD-3-Clause	third_party/licenses/github.com/google/uuid/LICENSE	https://github.com/google/uuid/blob/v1.6.0/LICENSE
github.com/gorilla/websocket	v1.5.3	BSD-2-Clause	third_party/licenses/github.com/gorilla/websocket/LICENSE	https://github.com/gorilla/websocket/blob/v1.5.3/LICENSE
github.com/hashicorp/errwrap	v1.1.0	MPL-2.0	third_party/licenses/github.com/hashicorp/errwrap/LICENSE	https://github.com/hashicorp/errwrap/blob/v1.1.0/LICENSE
github.com/hashicorp/go-hclog	v1.6.3	MIT	third_party/licenses/github.com/hashicorp/go-hclog/LICENSE	https://github.com/hashicorp/go-hclog/blob/v1.6.3/LICENSE
github.com/hashicorp/go-multierror	v1.1.1	MPL-2.0	third_party/licenses/github.com/hashicorp/go-multierror/LICENSE	https://github.com/hashicorp/go-multierror/blob/v1.1.1/LICENSE
github.com/hashicorp/go-plugin	v1.7.0	MPL-2.0	third_party/licenses/github.com/hashicorp/go-plugin/LICENSE	https://github.com/hashicorp/go-plugin/blob/v1.7.0/LICENSE
github.com/hashicorp/yamux	v0.1.2	MPL-2.0	third_party/licenses/github.com/hashicorp/yamux/LICENSE	https://github.com/hashicorp/yamux/blob/v0.1.2/LICENSE
github.com/jonboulle/clockwork	v0.5.0	Apache-2.0	third_party/licenses/github.com/jonboulle/clockwork/LICENSE	https://github.com/jonboulle/clockwork/blob/v0.5.0/LICENSE
github.com/lib/pq	v1.12.0	MIT	third_party/licenses/github.com/lib/pq/LICENSE	https://github.com/lib/pq/blob/v1.12.0/LICENSE
github.com/mattermost/go-i18n	v1.11.1-0.20211013152124-5c415071e404	MIT	third_party/licenses/github.com/mattermost/go-i18n/i18n/LICENSE	https://github.com/mattermost/go-i18n/blob/5c415071e404/LICENSE
github.com/mattermost/gosaml2	v0.10.0	Apache-2.0	third_party/licenses/github.com/mattermost/gosaml2/LICENSE	https://github.com/mattermost/gosaml2/blob/v0.10.0/LICENSE
github.com/mattermost/ldap	v0.0.0-20231116144001-0f480c025956	MIT	third_party/licenses/github.com/mattermost/ldap/LICENSE	https://github.com/mattermost/ldap/blob/0f480c025956/LICENSE
github.com/mattermost/logr/v2	v2.0.22	MIT	third_party/licenses/github.com/mattermost/logr/v2/LICENSE	https://github.com/mattermost/logr/blob/v2.0.22/LICENSE
github.com/mattermost/mattermost/server/public	v0.3.0	Apache-2.0	third_party/licenses/github.com/mattermost/mattermost/server/public/LICENSE.txt	https://github.com/mattermost/mattermost/blob/server/public/v0.3.0/server/public/LICENSE.txt
github.com/mattermost/xml-roundtrip-validator	v0.1.0	Apache-2.0	third_party/licenses/github.com/mattermost/xml-roundtrip-validator/LICENSE.txt	https://github.com/mattermost/xml-roundtrip-validator/blob/v0.1.0/LICENSE.txt
github.com/mattn/go-colorable	v0.1.14	MIT	third_party/licenses/github.com/mattn/go-colorable/LICENSE	https://github.com/mattn/go-colorable/blob/v0.1.14/LICENSE
github.com/mattn/go-isatty	v0.0.20	MIT	third_party/licenses/github.com/mattn/go-isatty/LICENSE	https://github.com/mattn/go-isatty/blob/v0.0.20/LICENSE
github.com/ncruces/go-strftime	v1.0.0	MIT	third_party/licenses/github.com/ncruces/go-strftime/LICENSE	https://github.com/ncruces/go-strftime/blob/v1.0.0/LICENSE
github.com/oklog/run	v1.2.0	Apache-2.0	third_party/licenses/github.com/oklog/run/LICENSE	https://github.com/oklog/run/blob/v1.2.0/LICENSE
github.com/pborman/uuid	v1.2.1	BSD-3-Clause	third_party/licenses/github.com/pborman/uuid/LICENSE	https://github.com/pborman/uuid/blob/v1.2.1/LICENSE
github.com/pelletier/go-toml	v1.9.5	Apache-2.0	third_party/licenses/github.com/pelletier/go-toml/LICENSE	https://github.com/pelletier/go-toml/blob/v1.9.5/LICENSE
github.com/philhofer/fwd	v1.2.0	MIT	third_party/licenses/github.com/philhofer/fwd/LICENSE.md	https://github.com/philhofer/fwd/blob/v1.2.0/LICENSE.md
github.com/pkg/errors	v0.9.1	BSD-2-Clause	third_party/licenses/github.com/pkg/errors/LICENSE	https://github.com/pkg/errors/blob/v0.9.1/LICENSE
github.com/pmezard/go-difflib	v1.0.1-0.20181226105442-5d4384ee4fb2	BSD-3-Clause	third_party/licenses/github.com/pmezard/go-difflib/difflib/LICENSE	https://github.com/pmezard/go-difflib/blob/5d4384ee4fb2/LICENSE
github.com/remyoudompheng/bigfft	v0.0.0-20230129092748-24d4a6f8daec	BSD-3-Clause	third_party/licenses/github.com/remyoudompheng/bigfft/LICENSE	https://github.com/remyoudompheng/bigfft/blob/24d4a6f8daec/LICENSE
github.com/russellhaering/goxmldsig	v1.6.0	Apache-2.0	third_party/licenses/github.com/russellhaering/goxmldsig/LICENSE	https://github.com/russellhaering/goxmldsig/blob/v1.6.0/LICENSE
github.com/stretchr/testify	v1.11.1	MIT	third_party/licenses/github.com/stretchr/testify/assert/LICENSE	https://github.com/stretchr/testify/blob/v1.11.1/LICENSE
github.com/tinylib/msgp	v1.6.3	MIT	third_party/licenses/github.com/tinylib/msgp/msgp/LICENSE	https://github.com/tinylib/msgp/blob/v1.6.3/LICENSE
github.com/vmihailenco/msgpack/v5	v5.4.1	BSD-2-Clause	third_party/licenses/github.com/vmihailenco/msgpack/v5/LICENSE	https://github.com/vmihailenco/msgpack/blob/v5.4.1/LICENSE
github.com/vmihailenco/tagparser/v2	v2.0.0	BSD-2-Clause	third_party/licenses/github.com/vmihailenco/tagparser/v2/LICENSE	https://github.com/vmihailenco/tagparser/blob/v2.0.0/LICENSE
github.com/wiggin77/merror	v1.0.5	MIT	third_party/licenses/github.com/wiggin77/merror/LICENSE	https://github.com/wiggin77/merror/blob/v1.0.5/LICENSE
github.com/wiggin77/srslog	v1.0.1	BSD-3-Clause	third_party/licenses/github.com/wiggin77/srslog/LICENSE	https://github.com/wiggin77/srslog/blob/v1.0.1/LICENSE
golang.org/x/crypto	v0.55.0	BSD-3-Clause	third_party/licenses/golang.org/x/crypto/LICENSE	https://cs.opensource.google/go/x/crypto/+/v0.55.0:LICENSE
golang.org/x/mod	v0.40.0	BSD-3-Clause	third_party/licenses/golang.org/x/mod/semver/LICENSE	https://cs.opensource.google/go/x/mod/+/v0.40.0:LICENSE
golang.org/x/net	v0.57.0	BSD-3-Clause	third_party/licenses/golang.org/x/net/LICENSE	https://cs.opensource.google/go/x/net/+/v0.57.0:LICENSE
golang.org/x/sys	v0.47.0	BSD-3-Clause	third_party/licenses/golang.org/x/sys/unix/LICENSE	https://cs.opensource.google/go/x/sys/+/v0.47.0:LICENSE
golang.org/x/text	v0.41.0	BSD-3-Clause	third_party/licenses/golang.org/x/text/LICENSE	https://cs.opensource.google/go/x/text/+/v0.41.0:LICENSE
google.golang.org/genproto/googleapis/rpc	v0.0.0-20260526163538-3dc84a4a5aaa	Apache-2.0	third_party/licenses/google.golang.org/genproto/googleapis/rpc/status/LICENSE	https://github.com/googleapis/go-genproto/blob/3dc84a4a5aaa/googleapis/rpc/LICENSE
google.golang.org/grpc	v1.83.1	Apache-2.0	third_party/licenses/google.golang.org/grpc/LICENSE	https://github.com/grpc/grpc-go/blob/v1.83.1/LICENSE
google.golang.org/protobuf	v1.36.11	BSD-3-Clause	third_party/licenses/google.golang.org/protobuf/LICENSE	https://github.com/protocolbuffers/protobuf-go/blob/v1.36.11/LICENSE
gopkg.in/natefinch/lumberjack.v2	v2.2.1	MIT	third_party/licenses/gopkg.in/natefinch/lumberjack.v2/LICENSE	https://github.com/natefinch/lumberjack/blob/v2.2.1/LICENSE
gopkg.in/yaml.v2	v2.4.0	Apache-2.0	third_party/licenses/gopkg.in/yaml.v2/LICENSE	https://github.com/go-yaml/yaml/blob/v2.4.0/LICENSE
gopkg.in/yaml.v3	v3.0.1	MIT	third_party/licenses/gopkg.in/yaml.v3/LICENSE	https://github.com/go-yaml/yaml/blob/v3.0.1/LICENSE
modernc.org/libc	v1.70.0	MIT	third_party/licenses/modernc.org/libc/LICENSE-3RD-PARTY.md	https://gitlab.com/cznic/libc/-/blob/v1.70.0/LICENSE-3RD-PARTY.md
modernc.org/mathutil	v1.7.1	BSD-3-Clause	third_party/licenses/modernc.org/mathutil/LICENSE	https://gitlab.com/cznic/mathutil/-/blob/master/LICENSE
modernc.org/memory	v1.11.0	BSD-3-Clause	third_party/licenses/modernc.org/memory/LICENSE-GO	https://gitlab.com/cznic/memory/-/blob/v1.11.0/LICENSE-GO
modernc.org/sqlite	v1.48.0	BSD-3-Clause	third_party/licenses/modernc.org/sqlite/LICENSE	https://gitlab.com/cznic/sqlite/-/blob/v1.48.0/LICENSE
